,Year,Week,cases,incidence_per_100000
1,1928,1,74,1.38
2,1928,2,96,1.8
3,1928,3,70,1.31
4,1928,4,100,1.87
5,1928,5,127,2.38
6,1928,6,149,2.79
7,1928,7,146,2.73
8,1928,8,151,2.83
9,1928,9,205,3.84
10,1928,10,284,5.31
11,1928,11,187,3.5
12,1928,12,234,4.38
13,1928,13,184,3.44
14,1928,14,125,2.34
15,1928,15,118,2.21
16,1928,16,159,2.98
17,1928,17,111,2.08
18,1928,18,120,2.25
19,1928,19,109,2.04
20,1928,20,120,2.25
21,1928,21,89,1.67
22,1928,22,90,1.68
23,1928,23,71,1.33
24,1928,24,49,0.92
25,1928,25,38,0.71
26,1928,26,38,0.71
27,1928,27,23,0.43
28,1928,28,20,0.37
29,1928,29,22,0.41
30,1928,30,19,0.36
31,1928,31,20,0.37
32,1928,32,11,0.21
33,1928,33,4,0.07
34,1928,34,11,0.21
35,1928,35,19,0.36
36,1928,36,12,0.22
37,1928,37,20,0.37
38,1928,38,13,0.24
39,1928,39,33,0.62
40,1928,40,18,0.33
41,1928,41,11,0.21
42,1928,42,27,0.51
43,1928,43,14,0.26
44,1928,44,15,0.28
45,1928,45,16,0.3
46,1928,46,11,0.21
47,1928,47,20,0.37
48,1928,48,25,0.47
49,1928,49,21,0.39
50,1928,50,14,0.26
51,1928,51,18,0.34
52,1928,52,17,0.32
53,1929,1,22,0.4
54,1929,2,26,0.47
55,1929,3,32,0.58
56,1929,4,29,0.52
57,1929,5,87,1.57
58,1929,6,49,0.89
59,1929,7,58,1.05
60,1929,8,47,0.85
61,1929,9,40,0.72
62,1929,10,58,1.05
63,1929,11,59,1.07
64,1929,12,57,1.03
65,1929,13,61,1.1
66,1929,14,49,0.89
67,1929,15,54,0.98
68,1929,16,109,1.97
69,1929,17,88,1.59
70,1929,18,101,1.83
71,1929,19,121,2.19
72,1929,20,124,2.24
73,1929,21,129,2.33
74,1929,22,133,2.4
75,1929,23,112,2.02
76,1929,24,111,2.01
77,1929,25,152,2.75
78,1929,26,96,1.74
79,1929,27,73,1.32
80,1929,28,76,1.37
81,1929,29,39,0.71
82,1929,30,43,0.78
83,1929,31,34,0.61
84,1929,32,17,0.31
85,1929,33,28,0.51
86,1929,34,23,0.42
87,1929,35,23,0.42
88,1929,36,28,0.51
89,1929,37,25,0.45
90,1929,38,32,0.58
91,1929,39,23,0.42
92,1929,40,43,0.78
93,1929,41,41,0.74
94,1929,42,52,0.94
95,1929,43,40,0.72
96,1929,44,59,1.07
97,1929,45,65,1.18
98,1929,46,72,1.3
99,1929,47,134,2.42
100,1929,48,132,2.39
101,1929,49,184,3.33
102,1929,50,315,5.7
103,1929,51,216,3.91
104,1929,52,203,3.67
105,1930,1,178,3.12
106,1930,2,442,7.74
107,1930,3,490,8.58
108,1930,4,628,11
109,1930,5,864,15.13
110,1930,6,943,16.51
111,1930,7,954,16.7
112,1930,8,1151,20.15
113,1930,9,1433,25.09
114,1930,10,1514,26.51
115,1930,11,1805,31.61
116,1930,12,1901,33.29
117,1930,13,2173,38.05
118,1930,14,2216,38.8
119,1930,15,2524,44.2
120,1930,16,1766,30.92
121,1930,17,2399,42.01
122,1930,18,2053,35.95
123,1930,19,2114,37.02
124,1930,20,2033,35.6
125,1930,21,2221,38.89
126,1930,22,1977,34.62
127,1930,23,1934,33.86
128,1930,24,1470,25.74
129,1930,25,1186,20.77
130,1930,26,924,16.18
131,1930,27,665,11.64
132,1930,28,552,9.67
133,1930,29,326,5.71
134,1930,30,181,3.17
135,1930,31,158,2.77
136,1930,32,84,1.47
137,1930,33,85,1.49
138,1930,34,59,1.03
139,1930,35,44,0.77
140,1930,36,40,0.7
141,1930,37,47,0.82
142,1930,38,41,0.72
143,1930,39,56,0.98
144,1930,40,67,1.17
145,1930,41,62,1.09
146,1930,42,123,2.15
147,1930,43,86,1.51
148,1930,44,131,2.29
149,1930,45,109,1.91
150,1930,46,94,1.65
151,1930,47,117,2.05
152,1930,48,188,3.29
153,1930,49,255,4.47
154,1930,50,221,3.87
155,1930,51,223,3.9
156,1930,52,109,1.91
157,1931,1,272,4.67
158,1931,2,363,6.23
159,1931,3,546,9.38
160,1931,4,509,8.74
161,1931,5,676,11.61
162,1931,6,809,13.89
163,1931,7,996,17.1
164,1931,8,939,16.12
165,1931,9,1205,20.69
166,1931,10,1256,21.57
167,1931,11,1378,23.66
168,1931,12,1796,30.84
169,1931,13,1273,21.86
170,1931,14,1532,26.3
171,1931,15,1461,25.09
172,1931,16,1558,26.75
173,1931,17,1297,22.27
174,1931,18,1309,22.48
175,1931,19,1174,20.16
176,1931,20,1110,19.06
177,1931,21,899,15.44
178,1931,22,935,16.05
179,1931,23,730,12.53
180,1931,24,502,8.62
181,1931,25,393,6.75
182,1931,26,269,4.62
183,1931,27,232,3.98
184,1931,28,159,2.73
185,1931,29,148,2.54
186,1931,30,90,1.55
187,1931,31,60,1.03
188,1931,32,53,0.91
189,1931,33,29,0.5
190,1931,34,49,0.84
191,1931,35,57,0.98
192,1931,36,39,0.67
193,1931,37,73,1.25
194,1931,38,37,0.64
195,1931,39,54,0.93
196,1931,40,71,1.22
197,1931,41,72,1.24
198,1931,42,68,1.17
199,1931,43,108,1.85
200,1931,44,168,2.88
201,1931,45,104,1.79
202,1931,46,181,3.11
203,1931,47,116,1.99
204,1931,48,187,3.21
205,1931,49,146,2.51
206,1931,50,99,1.7
207,1931,51,43,0.74
208,1931,52,177,3.04
209,1932,1,207,3.51
210,1932,2,250,4.24
211,1932,3,252,4.28
212,1932,4,319,5.41
213,1932,5,325,5.51
214,1932,6,358,6.07
215,1932,7,315,5.34
216,1932,8,420,7.13
217,1932,9,403,6.84
218,1932,10,517,8.77
219,1932,11,524,8.89
220,1932,12,431,7.31
221,1932,13,658,11.16
222,1932,14,534,9.06
223,1932,15,627,10.64
224,1932,16,619,10.5
225,1932,17,603,10.23
226,1932,18,696,11.81
227,1932,19,717,12.16
228,1932,20,696,11.81
229,1932,21,550,9.33
230,1932,22,264,4.48
231,1932,23,452,7.67
232,1932,24,424,7.19
233,1932,25,283,4.8
234,1932,26,126,2.14
235,1932,27,103,1.75
236,1932,28,84,1.43
237,1932,29,65,1.1
238,1932,30,54,0.92
239,1932,31,35,0.59
240,1932,32,34,0.58
241,1932,33,24,0.41
242,1932,34,28,0.48
243,1932,35,23,0.39
244,1932,36,25,0.42
245,1932,37,24,0.41
246,1932,38,18,0.31
247,1932,39,25,0.42
248,1932,40,29,0.49
249,1932,41,12,0.2
250,1932,42,21,0.36
251,1932,43,40,0.68
252,1932,44,27,0.46
253,1932,45,40,0.68
254,1932,46,49,0.83
255,1932,47,41,0.7
256,1932,48,47,0.8
257,1932,49,42,0.71
258,1932,50,27,0.46
259,1932,51,48,0.81
260,1932,52,83,1.41
261,1933,1,98,1.64
262,1933,2,108,1.81
263,1933,3,182,3.05
264,1933,4,233,3.91
265,1933,5,312,5.23
266,1933,6,363,6.09
267,1933,7,449,7.53
268,1933,8,719,12.06
269,1933,9,911,15.28
270,1933,10,985,16.52
271,1933,11,1146,19.22
272,1933,12,1378,23.11
273,1933,13,1272,21.33
274,1933,14,1219,20.44
275,1933,15,1220,20.46
276,1933,16,1229,20.61
277,1933,17,1315,22.05
278,1933,18,1329,22.29
279,1933,19,1388,23.28
280,1933,20,1221,20.48
281,1933,21,1255,21.05
282,1933,22,1128,18.92
283,1933,23,1274,21.37
284,1933,24,771,12.93
285,1933,25,558,9.36
286,1933,26,534,8.96
287,1933,27,343,5.75
288,1933,28,347,5.82
289,1933,29,177,2.97
290,1933,30,169,2.83
291,1933,31,106,1.78
292,1933,32,97,1.63
293,1933,33,48,0.8
294,1933,34,70,1.17
295,1933,35,43,0.72
296,1933,36,40,0.67
297,1933,37,74,1.24
298,1933,38,119,2
299,1933,39,71,1.19
300,1933,40,134,2.25
301,1933,41,108,1.81
302,1933,42,208,3.49
303,1933,43,193,3.24
304,1933,44,169,2.83
305,1933,45,139,2.33
306,1933,46,172,2.88
307,1933,47,126,2.11
308,1933,48,162,2.72
309,1933,49,167,2.8
310,1933,50,137,2.3
311,1933,51,209,3.5
312,1933,52,326,5.47
313,1934,1,390,6.44
314,1934,2,635,10.48
315,1934,3,339,5.59
316,1934,4,763,12.59
317,1934,5,1129,18.63
318,1934,6,1187,19.59
319,1934,7,1340,22.11
320,1934,8,1154,19.04
321,1934,9,1570,25.91
322,1934,10,1491,24.6
323,1934,11,1363,22.49
324,1934,12,1158,19.11
325,1934,13,798,13.17
326,1934,14,828,13.66
327,1934,15,688,11.35
328,1934,16,942,15.54
329,1934,17,751,12.39
330,1934,18,930,15.35
331,1934,19,731,12.06
332,1934,20,746,12.31
333,1934,21,1119,18.47
334,1934,22,448,7.39
335,1934,23,879,14.5
336,1934,24,942,15.54
337,1934,25,490,8.09
338,1934,26,515,8.5
339,1934,27,209,3.45
340,1934,28,243,4.01
341,1934,29,140,2.31
342,1934,30,55,0.91
343,1934,31,86,1.42
344,1934,32,65,1.07
345,1934,33,45,0.74
346,1934,34,35,0.58
347,1934,35,16,0.26
348,1934,36,22,0.36
349,1934,37,38,0.63
350,1934,38,44,0.73
351,1934,39,47,0.78
352,1934,40,55,0.91
353,1934,41,36,0.59
354,1934,42,144,2.38
355,1934,43,156,2.57
356,1934,44,20,0.33
357,1934,45,152,2.51
358,1934,46,50,0.83
359,1934,47,148,2.44
360,1934,48,111,1.83
361,1934,49,124,2.05
362,1934,50,171,2.82
363,1934,51,46,0.76
364,1934,52,66,1.09
365,1935,1,85,1.38
366,1935,2,144,2.33
367,1935,3,148,2.4
368,1935,4,239,3.87
369,1935,5,267,4.32
370,1935,6,282,4.57
371,1935,7,530,8.58
372,1935,8,601,9.73
373,1935,9,564,9.13
374,1935,10,598,9.68
375,1935,11,885,14.33
376,1935,12,984,15.94
377,1935,13,1046,16.94
378,1935,14,1313,21.26
379,1935,15,1645,26.64
380,1935,16,1413,22.88
381,1935,17,1606,26.01
382,1935,18,1595,25.83
383,1935,19,1682,27.24
384,1935,20,1714,27.76
385,1935,21,1612,26.11
386,1935,22,1281,20.74
387,1935,23,1451,23.5
388,1935,24,1097,17.77
389,1935,25,928,15.03
390,1935,26,665,10.77
391,1935,27,477,7.72
392,1935,28,418,6.77
393,1935,29,294,4.76
394,1935,30,223,3.61
395,1935,31,148,2.4
396,1935,32,99,1.6
397,1935,33,100,1.62
398,1935,34,87,1.41
399,1935,35,82,1.33
400,1935,36,73,1.18
401,1935,37,60,0.97
402,1935,38,77,1.25
403,1935,39,87,1.41
404,1935,40,71,1.15
405,1935,41,123,1.99
406,1935,42,116,1.88
407,1935,43,137,2.22
408,1935,44,114,1.85
409,1935,45,154,2.49
410,1935,46,140,2.27
411,1935,47,204,3.3
412,1935,48,127,2.06
413,1935,49,241,3.9
414,1935,50,253,4.1
415,1935,51,302,4.89
416,1935,52,217,3.51
417,1936,1,422,6.66
418,1936,2,733,11.56
419,1936,3,933,14.71
420,1936,4,987,15.57
421,1936,5,1228,19.37
422,1936,6,1336,21.07
423,1936,7,1529,24.11
424,1936,8,1814,28.61
425,1936,9,1890,29.81
426,1936,10,2729,43.04
427,1936,11,2676,42.2
428,1936,12,1985,31.3
429,1936,13,2597,40.96
430,1936,14,2640,41.63
431,1936,15,2342,36.93
432,1936,16,2692,42.45
433,1936,17,2841,44.8
434,1936,18,2217,34.96
435,1936,19,1914,30.18
436,1936,20,1908,30.09
437,1936,21,2096,33.05
438,1936,22,1567,24.71
439,1936,23,1603,25.28
440,1936,24,1135,17.9
441,1936,25,1107,17.46
442,1936,26,1201,18.94
443,1936,27,1467,23.14
444,1936,28,323,5.09
445,1936,29,296,4.67
446,1936,30,155,2.44
447,1936,31,91,1.44
448,1936,32,67,1.06
449,1936,33,55,0.87
450,1936,34,49,0.77
451,1936,35,43,0.68
452,1936,36,18,0.28
453,1936,37,18,0.28
454,1936,38,40,0.63
455,1936,39,32,0.5
456,1936,40,30,0.47
457,1936,41,17,0.27
458,1936,42,16,0.25
459,1936,43,46,0.73
460,1936,44,24,0.38
461,1936,45,22,0.35
462,1936,46,19,0.3
463,1936,47,34,0.54
464,1936,48,26,0.41
465,1936,49,27,0.43
466,1936,50,13,0.21
467,1937,1,126,1.93
468,1937,2,71,1.09
469,1937,3,82,1.26
470,1937,4,50,0.77
471,1937,5,91,1.39
472,1937,6,89,1.36
473,1937,7,83,1.27
474,1937,8,110,1.69
475,1937,9,90,1.38
476,1937,10,96,1.47
477,1937,11,206,3.16
478,1937,12,97,1.49
479,1937,13,136,2.08
480,1937,14,138,2.11
481,1937,15,214,3.28
482,1937,16,293,4.49
483,1937,17,183,2.8
484,1937,18,265,4.06
485,1937,19,212,3.25
486,1937,20,281,4.3
487,1937,21,310,4.75
488,1937,22,305,4.67
489,1937,23,273,4.18
490,1937,24,162,2.48
491,1937,25,162,2.48
492,1937,26,97,1.49
493,1937,27,84,1.29
494,1937,28,48,0.74
495,1937,29,47,0.72
496,1937,30,36,0.55
497,1937,31,21,0.32
498,1937,32,18,0.28
499,1937,33,23,0.35
500,1937,34,24,0.37
501,1937,35,17,0.26
502,1937,36,23,0.35
503,1937,37,21,0.32
504,1937,38,32,0.49
505,1937,39,18,0.28
506,1937,40,17,0.26
507,1937,41,28,0.43
508,1937,42,33,0.51
509,1937,43,37,0.57
510,1937,44,39,0.6
511,1937,45,28,0.43
512,1937,46,47,0.72
513,1937,47,40,0.61
514,1937,48,57,0.87
515,1937,49,28,0.43
516,1937,50,71,1.09
517,1937,52,48,0.74
518,1938,1,43,0.65
519,1938,2,116,1.74
520,1938,3,110,1.65
521,1938,4,174,2.61
522,1938,5,311,4.67
523,1938,6,185,2.78
524,1938,7,205,3.08
525,1938,8,252,3.79
526,1938,9,398,5.98
527,1938,10,348,5.23
528,1938,11,609,9.15
529,1938,12,541,8.13
530,1938,13,686,10.31
531,1938,14,616,9.25
532,1938,15,541,8.13
533,1938,16,685,10.29
534,1938,17,812,12.2
535,1938,18,686,10.31
536,1938,19,640,9.62
537,1938,20,978,14.69
538,1938,21,564,8.47
539,1938,22,624,9.38
540,1938,23,871,13.09
541,1938,24,1017,15.28
542,1938,25,433,6.51
543,1938,26,97,1.46
544,1938,27,394,5.92
545,1938,28,223,3.34
546,1938,29,162,2.43
547,1938,30,156,2.34
548,1938,31,105,1.57
549,1938,32,78,1.17
550,1938,33,84,1.25
551,1938,34,84,1.26
552,1938,35,49,0.74
553,1938,36,49,0.73
554,1938,37,145,2.18
555,1938,38,167,2.51
556,1938,39,130,1.95
557,1938,40,93,1.4
558,1938,41,173,2.6
559,1938,42,122,1.83
560,1938,43,158,2.37
561,1938,44,275,4.13
562,1938,45,209,3.14
563,1938,46,248,3.73
564,1938,47,203,3.05
565,1938,48,298,4.47
566,1938,49,450,6.76
567,1938,50,500,7.51
568,1938,51,595,8.94
569,1938,52,835,12.55
570,1939,1,545,8.03
571,1939,2,1189,17.52
572,1939,3,937,13.8
573,1939,4,1660,24.47
574,1939,5,1954,28.8
575,1939,6,2261,33.32
576,1939,7,2534,37.35
577,1939,8,3047,44.91
578,1939,9,3845,56.67
579,1939,10,3504,51.64
580,1939,11,4248,62.61
581,1939,12,4513,66.51
582,1939,13,4154,61.22
583,1939,14,2632,38.79
584,1939,15,3482,51.32
585,1939,16,3364,49.58
586,1939,17,1603,23.62
587,1939,18,1680,24.75
588,1939,19,1427,21.02
589,1939,20,1746,25.73
590,1939,21,2285,33.68
591,1939,22,1355,19.96
592,1939,23,1936,28.53
593,1939,24,1236,18.22
594,1939,25,1038,15.3
595,1939,26,787,11.6
596,1939,27,481,7.09
597,1939,28,479,7.06
598,1939,29,315,4.64
599,1939,30,177,2.61
600,1939,31,177,2.61
601,1939,32,93,1.37
602,1939,33,97,1.43
603,1939,34,49,0.72
604,1939,35,53,0.78
605,1939,36,21,0.31
606,1939,37,38,0.56
607,1939,38,44,0.65
608,1939,39,101,1.49
609,1939,40,123,1.81
610,1939,42,105,1.55
611,1939,43,167,2.46
612,1939,44,149,2.2
613,1939,45,111,1.64
614,1939,46,133,1.96
615,1939,47,149,2.2
616,1939,48,349,5.14
617,1939,49,503,7.41
618,1939,50,525,7.73
619,1939,51,190,2.8
620,1939,52,157,2.31
621,1940,1,90,1.29
622,1940,2,326,4.69
623,1940,3,246,3.54
624,1940,4,1207,17.37
625,1940,5,1191,17.14
626,1940,6,1347,19.38
627,1940,7,1454,20.92
628,1940,8,408,5.87
629,1940,9,462,6.65
630,1940,10,417,6
631,1940,11,2391,34.4
632,1940,12,2387,34.34
633,1940,13,2299,33.08
634,1940,14,1492,21.47
635,1940,15,1969,28.32
636,1940,16,1934,27.83
637,1940,17,1395,20.07
638,1940,19,373,5.37
639,1940,20,420,6.04
640,1940,21,272,3.91
641,1940,22,354,5.09
642,1940,23,491,7.06
643,1940,24,260,3.74
644,1940,25,606,8.72
645,1940,26,496,7.13
646,1940,27,309,4.44
647,1940,28,304,4.37
648,1940,29,203,2.92
649,1940,30,88,1.27
650,1940,31,130,1.86
651,1940,32,88,1.26
652,1940,34,40,0.58
653,1940,35,40,0.57
654,1940,36,23,0.33
655,1940,37,42,0.6
656,1940,39,47,0.68
657,1940,40,35,0.5
658,1940,41,57,0.82
659,1940,42,48,0.69
660,1940,43,73,1.05
661,1940,44,25,0.36
662,1940,45,21,0.3
663,1940,46,27,0.39
664,1940,47,63,0.91
665,1940,48,51,0.73
666,1940,49,84,1.21
667,1940,50,44,0.63
668,1940,52,38,0.55
669,1941,1,34,0.47
670,1941,2,62,0.86
671,1941,3,105,1.45
672,1941,4,83,1.15
673,1941,5,108,1.49
674,1941,6,101,1.4
675,1941,7,98,1.35
676,1941,9,130,1.8
677,1941,10,209,2.89
678,1941,11,231,3.19
679,1941,12,473,6.54
680,1941,13,359,4.96
681,1941,14,419,5.79
682,1941,15,398,5.49
683,1941,17,383,5.29
684,1941,18,355,4.91
685,1941,19,412,5.69
686,1941,20,450,6.22
687,1941,21,503,6.95
688,1941,22,386,5.33
689,1941,23,600,8.29
690,1941,24,555,7.67
691,1941,25,477,6.59
692,1941,26,285,3.94
693,1941,27,167,2.31
694,1941,28,179,2.47
695,1941,29,146,2.02
696,1941,30,333,4.6
697,1941,31,111,1.53
698,1941,32,101,1.4
699,1941,34,74,1.02
700,1941,35,90,1.24
701,1941,36,62,0.86
702,1941,37,74,1.02
703,1941,38,51,0.7
704,1941,39,75,1.04
705,1941,40,77,1.06
706,1941,41,101,1.4
707,1941,42,98,1.35
708,1941,44,225,3.11
709,1941,45,228,3.15
710,1941,46,349,4.82
711,1941,47,259,3.58
712,1941,48,446,6.16
713,1941,49,509,7.03
714,1941,50,607,8.39
715,1941,51,500,6.91
716,1941,52,546,7.54
717,1942,1,1495,19.33
718,1942,2,1135,14.67
719,1942,3,1621,20.96
720,1942,4,863,11.16
721,1942,5,2501,32.33
722,1942,6,2317,29.95
723,1942,7,3161,40.87
724,1942,8,2931,37.89
725,1942,10,4867,62.92
726,1942,11,5148,66.55
727,1942,12,6343,82
728,1942,13,5470,70.72
729,1942,14,190,2.46
730,1942,15,6930,89.59
731,1942,16,6074,78.53
732,1942,17,6524,84.34
733,1942,18,5724,74
734,1942,19,4988,64.49
735,1942,20,5359,69.28
736,1942,21,2849,36.83
737,1942,22,4202,54.32
738,1942,23,3367,43.53
739,1942,24,3648,47.16
740,1942,25,1968,25.44
741,1942,26,1110,14.35
742,1942,27,856,11.07
743,1942,28,512,6.62
744,1942,29,442,5.71
745,1942,30,292,3.78
746,1942,31,164,2.12
747,1942,32,133,1.72
748,1942,33,65,0.84
749,1942,34,101,1.31
750,1942,35,62,0.8
751,1942,36,47,0.61
752,1942,37,49,0.63
753,1942,38,49,0.63
754,1942,39,42,0.54
755,1942,40,56,0.72
756,1942,42,40,0.52
757,1942,43,125,1.61
758,1942,44,40,0.52
759,1942,45,41,0.53
760,1942,46,39,0.5
761,1942,47,60,0.78
762,1942,48,285,3.68
763,1942,49,66,0.85
764,1942,50,81,1.05
765,1942,51,44,0.57
766,1942,52,49,0.63
767,1943,1,147,1.73
768,1943,2,212,2.49
769,1943,3,177,2.08
770,1943,4,931,10.94
771,1943,5,425,5
772,1943,6,372,4.37
773,1943,7,383,4.5
774,1943,8,481,5.65
775,1943,9,741,8.71
776,1943,10,721,8.48
777,1943,11,742,8.72
778,1943,12,1127,13.25
779,1943,13,3141,36.93
780,1943,14,1032,12.13
781,1943,15,4067,47.81
782,1943,16,842,9.9
783,1943,17,854,10.04
784,1943,18,1186,13.94
785,1943,19,1218,14.32
786,1943,20,1053,12.38
787,1943,21,2996,35.22
788,1943,23,1163,13.67
789,1943,24,809,9.51
790,1943,25,1331,15.64
791,1943,26,362,4.26
792,1943,27,366,4.3
793,1943,28,324,3.81
794,1943,30,201,2.36
795,1943,31,151,1.78
796,1943,32,126,1.48
797,1943,33,110,1.29
798,1943,34,103,1.21
799,1943,35,54,0.63
800,1943,36,55,0.65
801,1943,38,35,0.41
802,1943,39,92,1.08
803,1943,40,41,0.48
804,1943,41,43,0.51
805,1943,42,45,0.53
806,1943,43,57,0.67
807,1943,44,53,0.62
808,1943,45,35,0.41
809,1943,46,64,0.75
810,1943,48,101,1.19
811,1943,49,105,1.23
812,1943,51,87,1.02
813,1943,52,168,1.98
814,1944,2,258,2.88
815,1944,3,273,3.05
816,1944,4,499,5.58
817,1944,5,766,8.56
818,1944,7,621,6.94
819,1944,8,752,8.41
820,1944,9,1712,19.14
821,1944,10,1598,17.86
822,1944,11,2094,23.41
823,1944,12,2584,28.89
824,1944,13,2705,30.24
825,1944,14,2920,32.64
826,1944,15,2795,31.25
827,1944,16,4077,45.58
828,1944,18,2399,26.82
829,1944,19,3083,34.46
830,1944,20,4371,48.87
831,1944,21,3378,37.76
832,1944,22,3325,37.17
833,1944,23,3384,37.83
834,1944,24,2729,30.51
835,1944,26,1371,15.33
836,1944,27,841,9.4
837,1944,28,641,7.17
838,1944,29,442,4.94
839,1944,30,482,5.39
840,1944,31,335,3.75
841,1944,32,291,3.25
842,1944,33,140,1.57
843,1944,34,149,1.67
844,1944,35,150,1.68
845,1944,36,92,1.03
846,1944,37,88,0.98
847,1944,38,107,1.2
848,1944,39,110,1.23
849,1944,40,114,1.27
850,1944,41,180,2.01
851,1944,42,147,1.64
852,1944,43,152,1.7
853,1944,44,191,2.14
854,1944,45,135,1.51
855,1944,46,157,1.76
856,1944,47,104,1.16
857,1944,49,249,2.78
858,1944,50,237,2.65
859,1944,51,202,2.26
860,1944,52,237,2.65
861,1945,1,210,2.25
862,1945,2,470,5.03
863,1945,3,330,3.53
864,1945,4,430,4.6
865,1945,5,426,4.56
866,1945,6,556,5.95
867,1945,7,683,7.31
868,1945,8,677,7.25
869,1945,9,843,9.02
870,1945,10,953,10.2
871,1945,11,1187,12.7
872,1945,12,1226,13.12
873,1945,13,1924,20.59
874,1945,14,1057,11.31
875,1945,15,1536,16.44
876,1945,16,1139,12.19
877,1945,17,1360,14.55
878,1945,18,1267,13.56
879,1945,19,1510,16.16
880,1945,20,1451,15.53
881,1945,21,2421,25.9
882,1945,22,1308,14
883,1945,23,1458,15.6
884,1945,24,1075,11.5
885,1945,25,944,10.1
886,1945,26,667,7.14
887,1945,27,477,5.1
888,1945,28,373,3.99
889,1945,30,354,3.79
890,1945,31,234,2.5
891,1945,32,196,2.1
892,1945,33,189,2.02
893,1945,34,129,1.38
894,1945,35,129,1.38
895,1945,36,59,0.63
896,1945,37,101,1.08
897,1945,38,148,1.58
898,1945,39,110,1.18
899,1945,40,126,1.35
900,1945,41,169,1.8
901,1945,42,181,1.94
902,1945,43,191,2.04
903,1945,44,222,2.38
904,1945,45,223,2.39
905,1945,46,236,2.53
906,1945,49,333,3.56
907,1945,51,287,3.07
908,1945,52,146,1.56
909,1946,1,414,4.33
910,1946,2,682,7.13
911,1946,3,529,5.53
912,1946,4,759,7.94
913,1946,5,941,9.84
914,1946,6,1082,11.32
915,1946,7,1331,13.92
916,1946,8,1362,14.25
917,1946,9,2386,24.96
918,1946,10,2848,29.79
919,1946,11,2871,30.03
920,1946,12,2157,22.56
921,1946,13,3047,31.88
922,1946,14,3634,38.02
923,1946,15,2680,28.03
924,1946,16,3374,35.3
925,1946,17,3657,38.26
926,1946,18,3976,41.59
927,1946,19,2968,31.05
928,1946,20,2665,27.88
929,1946,21,1785,18.67
930,1946,22,1883,19.7
931,1946,23,1762,18.43
932,1946,24,1497,15.66
933,1946,25,1251,13.09
934,1946,26,654,6.84
935,1946,27,459,4.8
936,1946,28,414,4.33
937,1946,29,246,2.57
938,1946,30,213,2.23
939,1946,31,135,1.41
940,1946,32,105,1.1
941,1946,33,83,0.87
942,1946,34,40,0.42
943,1946,35,64,0.67
944,1946,36,38,0.4
945,1946,37,47,0.49
946,1946,38,38,0.4
947,1946,39,43,0.45
948,1946,40,56,0.59
949,1946,41,59,0.62
950,1946,42,87,0.91
951,1946,43,60,0.63
952,1946,44,40,0.42
953,1946,45,72,0.75
954,1946,46,45,0.47
955,1946,47,105,1.1
956,1946,48,65,0.68
957,1946,49,123,1.29
958,1946,50,73,0.76
959,1946,51,59,0.62
960,1946,52,17,0.18
961,1947,2,86,0.87
962,1947,3,73,0.74
963,1947,4,104,1.06
964,1947,5,85,0.86
965,1947,6,169,1.72
966,1947,7,238,2.42
967,1947,8,755,7.68
968,1947,9,230,2.34
969,1947,10,203,2.06
970,1947,11,217,2.21
971,1947,12,214,2.18
972,1947,13,261,2.65
973,1947,14,185,1.88
974,1947,15,178,1.81
975,1947,16,189,1.92
976,1947,17,219,2.23
977,1947,18,240,2.44
978,1947,19,270,2.75
979,1947,20,214,2.18
980,1947,21,166,1.69
981,1947,22,207,2.11
982,1947,23,312,3.17
983,1947,24,138,1.4
984,1947,25,127,1.29
985,1947,26,95,0.97
986,1947,27,165,1.68
987,1947,28,67,0.68
988,1947,29,61,0.62
989,1947,31,54,0.55
990,1947,32,32,0.33
991,1947,33,75,0.76
992,1947,34,47,0.48
993,1947,35,47,0.48
994,1947,36,37,0.38
995,1947,37,48,0.49
996,1947,38,38,0.39
997,1947,39,68,0.69
998,1947,40,81,0.82
999,1947,41,60,0.61
1000,1947,42,75,0.76
1001,1947,43,71,0.72
1002,1947,44,72,0.73
1003,1947,45,85,0.86
1004,1947,46,94,0.96
1005,1947,47,138,1.4
1006,1947,48,94,0.96
1007,1947,49,179,1.82
1008,1947,50,155,1.58
1009,1947,51,231,2.35
1010,1947,52,123,1.25
1011,1948,1,490,4.87
1012,1948,2,238,2.36
1013,1948,3,372,3.7
1014,1948,4,538,5.35
1015,1948,5,538,5.35
1016,1948,6,594,5.9
1017,1948,7,660,6.56
1018,1948,8,1022,10.16
1019,1948,10,1747,17.36
1020,1948,11,1935,19.23
1021,1948,12,2061,20.48
1022,1948,13,2744,27.27
1023,1948,14,3353,33.32
1024,1948,15,3258,32.37
1025,1948,16,3279,32.58
1026,1948,17,3854,38.29
1027,1948,18,3344,33.23
1028,1948,19,3770,37.46
1029,1948,21,3364,33.43
1030,1948,23,3187,31.67
1031,1948,24,2498,24.82
1032,1948,25,1573,15.63
1033,1948,26,986,9.8
1034,1948,27,863,8.58
1035,1948,31,218,2.17
1036,1948,32,171,1.7
1037,1948,35,72,0.72
1038,1948,36,48,0.48
1039,1948,37,48,0.48
1040,1948,38,70,0.7
1041,1948,39,70,0.7
1042,1948,40,35,0.35
1043,1948,41,84,0.83
1044,1948,42,78,0.78
1045,1948,43,38,0.38
1046,1948,44,126,1.25
1047,1948,45,122,1.21
1048,1948,46,190,1.89
1049,1948,47,172,1.71
1050,1948,48,188,1.87
1051,1948,49,267,2.65
1052,1948,50,370,3.68
1053,1948,51,257,2.55
1054,1948,52,205,2.04
1055,1949,1,587,5.68
1056,1949,2,584,5.65
1057,1949,3,685,6.63
1058,1949,4,890,8.61
1059,1949,5,655,6.34
1060,1949,6,1248,12.07
1061,1949,7,709,6.86
1062,1949,8,1100,10.64
1063,1949,9,1559,15.08
1064,1949,10,2017,19.51
1065,1949,11,1638,15.85
1066,1949,12,1833,17.73
1067,1949,13,2230,21.57
1068,1949,14,2167,20.96
1069,1949,15,1598,15.46
1070,1949,16,1261,12.2
1071,1949,17,1631,15.78
1072,1949,18,1281,12.39
1073,1949,19,1411,13.65
1074,1949,20,1082,10.47
1075,1949,21,996,9.64
1076,1949,22,941,9.1
1077,1949,23,1148,11.11
1078,1949,24,877,8.48
1079,1949,25,628,6.08
1080,1949,26,392,3.79
1081,1949,27,257,2.49
1082,1949,28,211,2.04
1083,1949,29,153,1.48
1084,1949,30,125,1.21
1085,1949,31,109,1.05
1086,1949,32,75,0.73
1087,1949,33,66,0.64
1088,1949,34,50,0.48
1089,1949,35,72,0.7
1090,1949,36,42,0.41
1091,1949,37,55,0.53
1092,1949,38,42,0.41
1093,1949,39,33,0.32
1094,1949,40,38,0.37
1095,1949,41,32,0.31
1096,1949,42,38,0.37
1097,1949,43,41,0.4
1098,1949,44,29,0.28
1099,1949,45,35,0.34
1100,1949,46,72,0.7
1101,1949,47,68,0.66
1102,1949,48,51,0.49
1103,1949,49,78,0.75
1104,1949,50,63,0.61
1105,1949,51,78,0.75
1106,1949,52,100,0.97
1107,1950,2,187,1.75
1108,1950,3,118,1.11
1109,1950,4,266,2.49
1110,1950,5,205,1.92
1111,1950,6,187,1.75
1112,1950,7,224,2.1
1113,1950,8,218,2.04
1114,1950,9,280,2.62
1115,1950,10,362,3.39
1116,1950,11,327,3.06
1117,1950,12,363,3.4
1118,1950,13,413,3.87
1119,1950,14,531,4.97
1120,1950,15,534,5
1121,1950,16,741,6.94
1122,1950,17,573,5.37
1123,1950,18,777,7.28
1124,1950,20,707,6.62
1125,1950,21,724,6.78
1126,1950,22,611,5.72
1127,1950,23,726,6.8
1128,1950,24,725,6.79
1129,1950,25,574,5.38
1130,1950,26,427,4
1131,1950,27,383,3.59
1132,1950,28,384,3.6
1133,1950,29,254,2.38
1134,1950,30,204,1.91
1135,1950,31,135,1.26
1136,1950,32,43,0.4
1137,1950,33,73,0.68
1138,1950,34,109,1.02
1139,1950,35,48,0.45
1140,1950,36,51,0.48
1141,1950,37,72,0.67
1142,1950,38,55,0.52
1143,1950,39,61,0.57
1144,1950,40,73,0.68
1145,1950,41,57,0.53
1146,1950,42,93,0.87
1147,1950,43,153,1.43
1148,1950,44,105,0.98
1149,1950,45,170,1.59
1150,1950,46,165,1.55
1151,1950,47,145,1.36
1152,1950,48,231,2.16
1153,1950,49,229,2.14
1154,1950,50,275,2.58
1155,1950,51,120,1.12
1156,1950,52,240,2.25
1157,1951,1,336,3.02
1158,1951,2,466,4.19
1159,1951,3,550,4.94
1160,1951,4,890,7.99
1161,1951,5,1149,10.32
1162,1951,6,976,8.77
1163,1951,7,1159,10.41
1164,1951,8,1637,14.7
1165,1951,9,1781,16
1166,1951,10,2232,20.05
1167,1951,11,2125,19.09
1168,1951,12,2122,19.06
1169,1951,13,2745,24.65
1170,1951,14,3104,27.88
1171,1951,15,3152,28.31
1172,1951,16,3456,31.04
1173,1951,17,3807,34.19
1174,1951,18,3724,33.45
1175,1951,19,3827,34.37
1176,1951,20,3641,32.7
1177,1951,21,3654,32.82
1178,1951,22,2676,24.03
1179,1951,23,3321,29.83
1180,1951,24,1654,14.86
1181,1951,25,1354,12.16
1182,1951,26,1077,9.67
1183,1951,27,694,6.23
1184,1951,28,737,6.62
1185,1951,29,413,3.71
1186,1951,30,382,3.43
1187,1951,31,324,2.91
1188,1951,32,165,1.48
1189,1951,33,134,1.2
1190,1951,34,123,1.1
1191,1951,35,118,1.06
1192,1951,36,67,0.6
1193,1951,37,43,0.39
1194,1951,38,88,0.79
1195,1951,39,59,0.53
1196,1951,40,92,0.83
1197,1951,41,74,0.66
1198,1951,42,97,0.87
1199,1951,43,99,0.89
1200,1951,44,96,0.86
1201,1951,45,145,1.3
1202,1951,46,101,0.91
1203,1951,47,109,0.98
1204,1951,48,105,0.94
1205,1951,49,175,1.57
1206,1952,1,77,0.66
1207,1952,2,170,1.46
1208,1952,3,261,2.24
1209,1952,4,267,2.29
1210,1952,5,333,2.86
1211,1952,6,439,3.77
1212,1952,7,496,4.26
1213,1952,8,1074,9.23
1214,1952,10,1018,8.75
1215,1952,11,1565,13.45
1216,1952,12,1475,12.68
1217,1952,13,2175,18.69
1218,1952,14,2566,22.05
1219,1952,15,1022,8.78
1220,1952,16,1739,14.95
1221,1952,17,2958,25.42
1222,1952,19,1607,13.81
1223,1952,20,5584,47.99
1224,1952,21,2812,24.17
1225,1952,22,1989,17.09
1226,1952,24,2244,19.29
1227,1952,25,1289,11.08
1228,1952,26,586,5.04
1229,1952,27,702,6.03
1230,1952,28,658,5.66
1231,1952,29,469,4.03
1232,1952,30,455,3.91
1233,1952,31,278,2.39
1234,1952,32,209,1.79
1235,1952,33,140,1.2
1236,1952,34,175,1.5
1237,1952,35,96,0.83
1238,1952,36,64,0.55
1239,1952,37,45,0.38
1240,1952,38,87,0.75
1241,1952,39,67,0.57
1242,1952,40,91,0.78
1243,1952,41,92,0.79
1244,1952,42,116,1
1245,1952,43,94,0.81
1246,1952,44,125,1.07
1247,1952,45,142,1.22
1248,1952,46,169,1.45
1249,1952,47,146,1.25
1250,1952,48,122,1.04
1251,1952,49,187,1.6
1252,1952,50,191,1.64
1253,1952,51,230,1.97
1254,1952,52,120,1.03
1255,1953,1,27,0.22
1256,1953,2,366,2.99
1257,1953,3,534,4.36
1258,1953,4,500,4.08
1259,1953,5,613,5
1260,1953,6,467,3.81
1261,1953,7,572,4.67
1262,1953,8,1042,8.51
1263,1953,9,1120,9.14
1264,1953,10,1175,9.59
1265,1953,11,1399,11.42
1266,1953,12,1536,12.54
1267,1953,13,1228,10.02
1268,1953,14,1351,11.03
1269,1953,15,2174,17.75
1270,1953,16,2124,17.34
1271,1953,17,2741,22.37
1272,1953,18,2937,23.97
1273,1953,19,3101,25.31
1274,1953,20,3324,27.13
1275,1953,21,3099,25.3
1276,1953,22,3631,29.64
1277,1953,23,3666,29.92
1278,1953,24,3392,27.69
1279,1953,25,2192,17.89
1280,1953,26,1563,12.76
1281,1953,27,1173,9.57
1282,1953,28,1192,9.73
1283,1953,29,922,7.53
1284,1953,30,564,4.6
1285,1953,31,453,3.7
1286,1953,32,331,2.7
1287,1953,33,232,1.89
1288,1953,34,182,1.49
1289,1953,35,108,0.88
1290,1953,36,129,1.05
1291,1953,37,121,0.99
1292,1953,38,87,0.71
1293,1953,39,96,0.78
1294,1953,40,136,1.11
1295,1953,41,125,1.02
1296,1953,42,191,1.56
1297,1953,43,204,1.67
1298,1953,44,250,2.04
1299,1953,45,198,1.62
1300,1953,46,258,2.11
1301,1953,48,270,2.2
1302,1953,49,354,2.89
1303,1953,50,321,2.62
1304,1954,1,621,4.87
1305,1954,2,685,5.37
1306,1954,3,715,5.61
1307,1954,4,841,6.6
1308,1954,5,1008,7.91
1309,1954,6,888,6.97
1310,1954,7,1086,8.52
1311,1954,8,1569,12.31
1312,1954,9,1593,12.5
1313,1954,10,1662,13.04
1314,1954,11,1773,13.91
1315,1954,12,2210,17.34
1316,1954,13,2408,18.89
1317,1954,14,2855,22.4
1318,1954,15,2637,20.69
1319,1954,16,2232,17.51
1320,1954,17,3222,25.28
1321,1954,18,2701,21.19
1322,1954,19,3361,26.37
1323,1954,20,3005,23.58
1324,1954,21,2978,23.36
1325,1954,22,2597,20.38
1326,1954,23,3409,26.75
1327,1954,24,2705,21.22
1328,1954,25,2324,18.23
1329,1954,26,1363,10.69
1330,1954,27,1037,8.14
1331,1954,28,1133,8.89
1332,1954,29,697,5.47
1333,1954,30,641,5.03
1334,1954,31,379,2.97
1335,1954,32,275,2.16
1336,1954,33,259,2.03
1337,1954,34,158,1.24
1338,1954,35,146,1.15
1339,1954,36,65,0.51
1340,1954,37,126,0.99
1341,1954,38,102,0.8
1342,1954,39,85,0.67
1343,1954,40,102,0.8
1344,1954,41,101,0.79
1345,1954,42,145,1.14
1346,1954,43,165,1.29
1347,1954,44,132,1.04
1348,1954,45,172,1.35
1349,1954,46,258,2.02
1350,1954,47,185,1.45
1351,1954,48,190,1.49
1352,1954,49,372,2.92
1353,1954,50,325,2.55
1354,1954,51,268,2.1
1355,1954,52,327,2.57
1356,1955,1,319,2.43
1357,1955,2,695,5.29
1358,1955,3,462,3.52
1359,1955,4,673,5.12
1360,1955,5,803,6.11
1361,1955,6,1217,9.27
1362,1955,8,1348,10.26
1363,1955,9,2364,18
1364,1955,10,2604,19.83
1365,1955,11,2595,19.76
1366,1955,12,3087,23.51
1367,1955,13,3164,24.09
1368,1955,14,4145,31.56
1369,1955,15,2724,20.74
1370,1955,16,3821,29.09
1371,1955,17,3602,27.43
1372,1955,18,3902,29.71
1373,1955,19,4194,31.93
1374,1955,20,3824,29.12
1375,1955,21,3466,26.39
1376,1955,22,2831,21.56
1377,1955,23,3157,24.04
1378,1955,24,2618,19.93
1379,1955,25,1955,14.89
1380,1955,26,1062,8.09
1381,1955,27,828,6.3
1382,1955,28,753,5.73
1383,1955,29,587,4.47
1384,1955,30,478,3.64
1385,1955,31,267,2.03
1386,1955,32,280,2.13
1387,1955,33,179,1.36
1388,1955,34,100,0.76
1389,1955,36,76,0.58
1390,1955,37,160,1.22
1391,1955,38,116,0.88
1392,1955,39,104,0.79
1393,1955,40,106,0.81
1394,1955,41,152,1.16
1395,1955,42,190,1.45
1396,1955,43,153,1.17
1397,1955,44,220,1.68
1398,1955,45,196,1.49
1399,1955,46,258,1.96
1400,1955,47,290,2.21
1401,1955,48,282,2.15
1402,1955,49,376,2.86
1403,1955,51,479,3.65
1404,1955,52,172,1.31
1405,1956,1,286,2.09
1406,1956,2,416,3.03
1407,1956,3,633,4.62
1408,1956,4,498,3.63
1409,1956,5,614,4.48
1410,1956,6,455,3.32
1411,1956,7,691,5.04
1412,1956,8,471,3.43
1413,1956,9,982,7.16
1414,1956,10,980,7.15
1415,1956,11,867,6.32
1416,1956,12,585,4.27
1417,1956,13,1274,9.29
1418,1956,14,788,5.75
1419,1956,15,1601,11.68
1420,1956,16,1288,9.39
1421,1956,17,1326,9.67
1422,1956,18,1916,13.97
1423,1956,19,1400,10.21
1424,1956,20,1748,12.75
1425,1956,21,1517,11.06
1426,1956,22,1301,9.49
1427,1956,23,1592,11.61
1428,1956,24,1839,13.41
1429,1956,25,1155,8.42
1430,1956,26,610,4.45
1431,1956,27,407,2.97
1432,1956,28,610,4.45
1433,1956,29,327,2.38
1434,1956,30,254,1.85
1435,1956,31,302,2.2
1436,1956,32,182,1.33
1437,1956,33,165,1.2
1438,1956,34,109,0.79
1439,1956,35,104,0.76
1440,1956,36,76,0.55
1441,1956,37,89,0.65
1442,1956,38,110,0.8
1443,1956,39,130,0.95
1444,1956,40,112,0.82
1445,1956,41,46,0.34
1446,1956,42,105,0.77
1447,1956,43,118,0.86
1448,1956,44,84,0.61
1449,1956,45,102,0.74
1450,1956,46,225,1.64
1451,1956,47,194,1.41
1452,1956,48,218,1.59
1453,1956,49,276,2.01
1454,1956,50,319,2.33
1455,1956,51,135,0.98
1456,1956,52,622,4.54
1457,1957,1,700,4.91
1458,1957,2,843,5.91
1459,1957,3,1013,7.1
1460,1957,4,1473,10.33
1461,1957,5,1312,9.2
1462,1957,6,1906,13.36
1463,1957,7,1631,11.43
1464,1957,8,2072,14.53
1465,1957,9,2675,18.75
1466,1957,10,2525,17.7
1467,1957,11,2699,18.92
1468,1957,12,2373,16.64
1469,1957,13,3403,23.86
1470,1957,14,2766,19.39
1471,1957,15,2866,20.09
1472,1957,16,2395,16.79
1473,1957,17,1683,11.8
1474,1957,18,2185,15.32
1475,1957,20,1922,13.47
1476,1957,21,1729,12.12
1477,1957,22,1335,9.36
1478,1957,23,1621,11.36
1479,1957,24,1573,11.03
1480,1957,25,881,6.18
1481,1957,26,954,6.69
1482,1957,27,437,3.06
1483,1957,28,481,3.37
1484,1957,29,335,2.35
1485,1957,30,270,1.89
1486,1957,31,211,1.48
1487,1957,32,139,0.97
1488,1957,33,103,0.72
1489,1957,34,112,0.79
1490,1957,35,96,0.67
1491,1957,36,28,0.2
1492,1957,37,48,0.34
1493,1957,38,59,0.41
1494,1957,39,68,0.48
1495,1957,40,55,0.39
1496,1957,41,75,0.53
1497,1957,42,116,0.81
1498,1957,43,108,0.76
1499,1957,44,80,0.56
1500,1957,45,83,0.58
1501,1957,46,98,0.69
1502,1957,47,90,0.63
1503,1957,48,205,1.44
1504,1957,49,150,1.05
1505,1957,50,126,0.88
1506,1957,51,166,1.16
1507,1957,52,129,0.9
1508,1958,1,161,1.08
1509,1958,2,207,1.39
1510,1958,3,443,2.98
1511,1958,4,312,2.1
1512,1958,5,524,3.52
1513,1958,6,663,4.46
1514,1958,7,495,3.33
1515,1958,8,472,3.17
1516,1958,10,1295,8.7
1517,1958,11,1231,8.27
1518,1958,12,1073,7.21
1519,1958,13,1553,10.44
1520,1958,14,1217,8.18
1521,1958,15,1234,8.29
1522,1958,16,1821,12.24
1523,1958,17,1909,12.83
1524,1958,18,1714,11.52
1525,1958,19,2149,14.44
1526,1958,20,1928,12.96
1527,1958,21,1861,12.51
1528,1958,22,1017,6.83
1529,1958,23,2051,13.78
1530,1958,24,1499,10.07
1531,1958,25,1391,9.35
1532,1958,26,921,6.19
1533,1958,27,542,3.64
1534,1958,28,588,3.95
1535,1958,29,458,3.08
1536,1958,30,360,2.42
1537,1958,31,260,1.75
1538,1958,32,229,1.54
1539,1958,33,224,1.51
1540,1958,34,99,0.67
1541,1958,35,65,0.44
1542,1958,36,106,0.71
1543,1958,37,78,0.52
1544,1958,38,65,0.44
1545,1958,39,63,0.42
1546,1958,40,104,0.7
1547,1958,41,51,0.34
1548,1958,42,159,1.07
1549,1958,43,153,1.03
1550,1958,44,220,1.48
1551,1958,45,228,1.53
1552,1958,46,163,1.1
1553,1958,47,213,1.43
1554,1958,48,253,1.7
1555,1958,49,268,1.8
1556,1958,50,445,2.99
1557,1958,51,270,1.81
1558,1958,52,269,1.81
1559,1959,1,499,3.23
1560,1959,2,661,4.27
1561,1959,3,684,4.42
1562,1959,4,808,5.22
1563,1959,5,820,5.3
1564,1959,6,692,4.47
1565,1959,7,935,6.05
1566,1959,8,1870,12.09
1567,1959,9,1466,9.48
1568,1959,10,2517,16.27
1569,1959,11,2105,13.61
1570,1959,12,1913,12.37
1571,1959,13,1651,10.67
1572,1959,14,2708,17.51
1573,1959,15,2130,13.77
1574,1959,17,1781,11.51
1575,1959,18,1765,11.41
1576,1959,19,1724,11.15
1577,1959,20,1525,9.86
1578,1959,21,1262,8.16
1579,1959,22,1447,9.36
1580,1959,23,1373,8.88
1581,1959,24,1202,7.77
1582,1959,25,762,4.93
1583,1959,26,614,3.97
1584,1959,27,572,3.7
1585,1959,28,568,3.67
1586,1959,29,316,2.04
1587,1959,30,334,2.16
1588,1959,31,246,1.59
1589,1959,33,146,0.94
1590,1959,34,73,0.47
1591,1959,36,73,0.47
1592,1959,37,81,0.52
1593,1959,38,54,0.35
1594,1959,39,52,0.34
1595,1959,40,63,0.41
1596,1959,41,89,0.58
1597,1959,42,37,0.24
1598,1959,43,176,1.14
1599,1959,44,105,0.68
1600,1959,45,144,0.93
1601,1959,46,164,1.06
1602,1959,47,105,0.68
1603,1959,48,164,1.06
1604,1959,49,208,1.34
1605,1959,50,152,0.98
1606,1959,51,115,0.74
1607,1960,1,179,1.13
1608,1960,2,271,1.71
1609,1960,3,243,1.53
1610,1960,4,280,1.76
1611,1960,5,360,2.27
1612,1960,6,262,1.65
1613,1960,7,310,1.95
1614,1960,8,416,2.62
1615,1960,9,615,3.88
1616,1960,10,732,4.61
1617,1960,11,878,5.53
1618,1960,12,793,5
1619,1960,13,951,5.99
1620,1960,14,1342,8.46
1621,1960,15,903,5.69
1622,1960,16,817,5.15
1623,1960,17,1138,7.17
1624,1960,18,1379,8.69
1625,1960,19,1099,6.93
1626,1960,20,1051,6.62
1627,1960,21,855,5.39
1628,1960,22,784,4.94
1629,1960,23,1025,6.46
1630,1960,24,977,6.16
1631,1960,25,729,4.59
1632,1960,26,360,2.27
1633,1960,27,483,3.04
1634,1960,28,307,1.93
1635,1960,29,283,1.78
1636,1960,30,283,1.78
1637,1960,31,176,1.11
1638,1960,32,119,0.75
1639,1960,33,135,0.85
1640,1960,34,75,0.47
1641,1960,35,41,0.26
1642,1960,36,35,0.22
1643,1960,37,53,0.33
1644,1960,38,63,0.4
1645,1960,39,53,0.33
1646,1960,40,57,0.36
1647,1960,41,58,0.37
1648,1960,42,92,0.58
1649,1960,43,67,0.42
1650,1960,44,86,0.54
1651,1960,45,50,0.32
1652,1960,46,146,0.92
1653,1960,47,90,0.57
1654,1960,48,103,0.65
1655,1960,49,190,1.2
1656,1960,50,117,0.74
1657,1960,51,179,1.13
1658,1960,52,132,0.83
1659,1961,1,271,1.64
1660,1961,2,340,2.06
1661,1961,3,452,2.74
1662,1961,4,755,4.58
1663,1961,5,568,3.44
1664,1961,6,757,4.59
1665,1961,7,742,4.5
1666,1961,8,640,3.88
1667,1961,9,836,5.07
1668,1961,10,1214,7.36
1669,1961,11,1328,8.05
1670,1961,12,1308,7.93
1671,1961,13,1678,10.17
1672,1961,14,1401,8.49
1673,1961,16,2276,13.8
1674,1961,17,1759,10.66
1675,1961,18,1933,11.72
1676,1961,19,2227,13.5
1677,1961,20,1963,11.9
1678,1961,21,2248,13.63
1679,1961,22,1677,10.17
1680,1961,23,2132,12.92
1681,1961,24,2009,12.18
1682,1961,25,1186,7.19
1683,1961,26,756,4.58
1684,1961,27,497,3.01
1685,1961,28,388,2.35
1686,1961,29,398,2.41
1687,1961,30,229,1.39
1688,1961,31,173,1.05
1689,1961,32,128,0.78
1690,1961,33,118,0.72
1691,1961,34,121,0.73
1692,1961,35,67,0.41
1693,1961,36,44,0.27
1694,1961,37,53,0.32
1695,1961,38,70,0.42
1696,1961,39,62,0.38
1697,1961,40,60,0.36
1698,1961,41,97,0.59
1699,1961,42,135,0.82
1700,1961,43,81,0.49
1701,1961,44,135,0.82
1702,1961,45,159,0.96
1703,1961,46,168,1.02
1704,1961,47,147,0.89
1705,1961,48,220,1.33
1706,1961,49,255,1.55
1707,1961,50,316,1.92
1708,1961,51,153,0.93
1709,1961,52,123,0.75
1710,1962,1,259,1.52
1711,1962,2,357,2.09
1712,1962,3,351,2.06
1713,1962,4,663,3.88
1714,1962,5,603,3.53
1715,1962,6,393,2.3
1716,1962,7,690,4.04
1717,1962,8,763,4.47
1718,1962,9,1116,6.54
1719,1962,10,1225,7.18
1720,1962,11,1101,6.45
1721,1962,12,1326,7.77
1722,1962,13,1377,8.07
1723,1962,14,1754,10.27
1724,1962,15,1488,8.72
1725,1962,16,1339,7.84
1726,1962,17,1015,5.95
1727,1962,18,1443,8.45
1728,1962,19,1142,6.69
1729,1962,20,1167,6.84
1730,1962,21,1011,5.92
1731,1962,22,929,5.44
1732,1962,23,952,5.58
1733,1962,24,955,5.59
1734,1962,25,609,3.57
1735,1962,26,446,2.61
1736,1962,27,384,2.25
1737,1962,28,305,1.79
1738,1962,29,237,1.39
1739,1962,30,234,1.37
1740,1962,31,148,0.87
1741,1962,32,167,0.98
1742,1962,33,115,0.67
1743,1962,34,83,0.49
1744,1962,35,61,0.36
1745,1962,36,38,0.22
1746,1962,37,45,0.26
1747,1962,38,58,0.34
1748,1962,39,76,0.45
1749,1962,40,56,0.33
1750,1962,41,74,0.43
1751,1962,42,68,0.4
1752,1962,43,102,0.6
1753,1962,44,91,0.53
1754,1962,45,78,0.46
1755,1962,46,136,0.8
1756,1962,47,161,0.94
1757,1962,48,136,0.8
1758,1962,49,181,1.06
1759,1962,50,220,1.29
1760,1962,51,163,0.95
1761,1962,52,249,1.46
1762,1963,1,93,0.53
1763,1963,3,281,1.59
1764,1963,4,299,1.69
1765,1963,5,319,1.81
1766,1963,6,326,1.85
1767,1963,8,500,2.83
1768,1963,10,612,3.46
1769,1963,11,680,3.85
1770,1963,13,932,5.28
1771,1963,14,835,4.73
1772,1963,15,996,5.64
1773,1963,16,803,4.54
1774,1963,17,1230,6.96
1775,1963,19,1169,6.62
1776,1963,20,1283,7.26
1777,1963,21,989,5.6
1778,1963,22,902,5.11
1779,1963,23,1175,6.65
1780,1963,24,1032,5.84
1781,1963,25,680,3.85
1782,1963,26,488,2.76
1783,1963,27,396,2.24
1784,1963,28,325,1.84
1785,1963,29,299,1.69
1786,1963,30,271,1.53
1787,1963,31,211,1.19
1788,1963,32,161,0.91
1789,1963,33,105,0.59
1790,1963,34,87,0.49
1791,1963,35,92,0.52
1792,1963,36,52,0.29
1793,1963,37,77,0.44
1794,1963,38,83,0.47
1795,1963,39,110,0.62
1796,1963,40,66,0.37
1797,1963,41,108,0.61
1798,1963,42,79,0.45
1799,1963,43,101,0.57
1800,1963,44,157,0.89
1801,1963,45,113,0.64
1802,1963,46,153,0.87
1803,1963,47,203,1.15
1804,1963,48,241,1.36
1805,1963,49,180,1.02
1806,1963,50,273,1.55
1807,1963,51,343,1.94
1808,1963,52,118,0.67
1809,1964,1,167,0.92
1810,1964,2,305,1.68
1811,1964,3,401,2.21
1812,1964,4,544,3
1813,1964,5,604,3.33
1814,1964,6,501,2.76
1815,1964,7,479,2.64
1816,1964,8,623,3.43
1817,1964,9,727,4.01
1818,1964,10,889,4.9
1819,1964,11,1358,7.48
1820,1964,12,1407,7.75
1821,1964,13,1166,6.42
1822,1964,14,1111,6.12
1823,1964,15,2340,12.89
1824,1964,16,1507,8.3
1825,1964,17,1886,10.39
1826,1964,19,2059,11.34
1827,1964,20,1983,10.93
1828,1964,21,2025,11.16
1829,1964,22,1849,10.19
1830,1964,23,1571,8.66
1831,1964,24,1545,8.51
1832,1964,25,1244,6.85
1833,1964,26,852,4.69
1834,1964,27,465,2.56
1835,1964,28,453,2.5
1836,1964,29,234,1.29
1837,1964,30,230,1.27
1838,1964,31,207,1.14
1839,1964,32,142,0.78
1840,1964,33,135,0.74
1841,1964,34,97,0.53
1842,1964,35,101,0.56
1843,1964,36,31,0.17
1844,1964,37,30,0.17
1845,1964,38,64,0.35
1846,1964,39,37,0.2
1847,1964,40,58,0.32
1848,1964,41,61,0.34
1849,1964,42,92,0.51
1850,1964,43,76,0.42
1851,1964,44,76,0.42
1852,1964,45,80,0.44
1853,1964,46,105,0.58
1854,1964,47,97,0.53
1855,1964,48,94,0.52
1856,1964,49,107,0.59
1857,1964,50,159,0.88
1858,1964,51,128,0.71
1859,1964,52,148,0.82
1860,1965,1,152,0.82
1861,1965,2,197,1.06
1862,1965,3,177,0.95
1863,1965,4,282,1.52
1864,1965,5,398,2.14
1865,1965,6,261,1.4
1866,1965,7,375,2.02
1867,1965,8,300,1.61
1868,1965,9,524,2.82
1869,1965,10,706,3.8
1870,1965,11,636,3.42
1871,1965,12,547,2.94
1872,1965,13,560,3.01
1873,1965,14,791,4.26
1874,1965,15,612,3.29
1875,1965,16,525,2.82
1876,1965,17,1263,6.8
1877,1965,18,742,3.99
1878,1965,19,794,4.27
1879,1965,20,473,2.55
1880,1965,21,403,2.17
1881,1965,22,386,2.08
1882,1965,23,633,3.41
1883,1965,24,307,1.65
1884,1965,25,176,0.95
1885,1965,26,133,0.72
1886,1965,27,103,0.55
1887,1965,28,82,0.44
1888,1965,29,75,0.4
1889,1965,30,54,0.29
1890,1965,31,63,0.34
1891,1965,32,57,0.31
1892,1965,33,33,0.18
1893,1965,34,46,0.25
1894,1965,35,33,0.18
1895,1965,36,20,0.11
1896,1965,37,23,0.12
1897,1965,38,28,0.15
1898,1965,39,33,0.18
1899,1965,40,52,0.28
1900,1965,41,25,0.13
1901,1965,42,26,0.14
1902,1965,43,47,0.25
1903,1965,44,46,0.25
1904,1965,45,57,0.31
1905,1965,46,77,0.41
1906,1965,47,75,0.4
1907,1965,48,82,0.44
1908,1965,49,124,0.67
1909,1965,50,80,0.43
1910,1965,51,91,0.49
1911,1965,52,79,0.43
1912,1966,1,102,0.54
1913,1966,2,156,0.83
1914,1966,3,215,1.14
1915,1966,4,194,1.03
1916,1966,5,332,1.76
1917,1966,6,295,1.56
1918,1966,7,336,1.78
1919,1966,8,504,2.67
1920,1966,9,480,2.55
1921,1966,10,523,2.77
1922,1966,11,579,3.07
1923,1966,12,706,3.74
1924,1966,13,835,4.43
1925,1966,14,654,3.47
1926,1966,15,703,3.73
1927,1966,16,925,4.91
1928,1966,17,975,5.17
1929,1966,18,997,5.29
1930,1966,19,895,4.75
1931,1966,20,756,4.01
1932,1966,21,661,3.51
1933,1966,22,616,3.27
1934,1966,23,389,2.06
1935,1966,24,431,2.29
1936,1966,25,383,2.03
1937,1966,26,241,1.28
1938,1966,27,137,0.73
1939,1966,28,99,0.52
1940,1966,29,131,0.69
1941,1966,30,79,0.42
1942,1966,31,46,0.24
1943,1966,32,31,0.16
1944,1966,33,53,0.28
1945,1966,34,28,0.15
1946,1966,35,25,0.13
1947,1966,36,22,0.12
1948,1966,37,30,0.16
1949,1966,38,23,0.12
1950,1966,39,36,0.19
1951,1966,40,25,0.13
1952,1966,41,99,0.52
1953,1966,42,46,0.24
1954,1966,43,43,0.23
1955,1966,44,43,0.23
1956,1966,45,51,0.27
1957,1966,46,45,0.24
1958,1966,47,53,0.28
1959,1966,48,31,0.16
1960,1966,50,35,0.19
1961,1966,51,71,0.38
1962,1966,52,32,0.17
